종목코드,종목명,시장,기준일,종가,회전율_당일,회전율_5일평균,회전율_20일평균,회전율_60일평균,회전율_20일누적,급증배수(5일/60일),20일수익률
263600,덕우전자,KOSDAQ,2026-10-06,5410.0,22.3233,13.5203,3.4694,1.2804,69.3873,10.5594,0.5524
900070,글로벌에스엠,KOSDAQ,2026-10-06,1118.0,3.4305,8.8268,2.27,0.8654,45.4,10.1997,0.1202
136150,원일티엔아이,KOSDAQ,2026-10-06,14100.0,19.7721,10.757,2.8247,1.0667,56.4945,10.0844,0.921
104540,코렌텍,KOSDAQ,2026-10-06,5770.0,3.5789,5.8914,1.5254,0.5949,30.5084,9.9023,0.4443
145170,노브랜드,KOSDAQ,2026-10-06,3360.0,3.1728,15.8851,4.4473,1.6075,88.9467,9.882,0.2263
097800,윈팩,KOSDAQ,2026-10-06,3910.0,7.1049,16.0493,4.3231,1.8073,86.462,8.8802,1.028
006140,피제이전자,KOSDAQ,2026-10-06,5870.0,17.543,5.8561,1.5948,0.7455,31.897,7.8558,0.2624
0010F0,보원케미칼,KOSDAQ,2026-10-06,2935.0,2.9781,41.0306,15.9703,5.8007,319.4062,7.0734,0.3311
490470,세미파이브,KOSDAQ,2026-10-06,21800.0,5.414,15.292,5.1734,2.2121,103.4686,6.9127,0.5406
270520,앱튼,KOSDAQ,2026-10-06,872.0,4.4087,10.8786,3.496,1.6387,69.9205,6.6387,-0.6852
498390,한화플러스제5호스팩,KOSDAQ,2026-10-06,2785.0,4.4094,9.972,2.7893,1.5127,55.786,6.5922,0.1262
008970,KBI동양철관,KOSPI,2026-10-06,1451.0,13.7586,12.0939,3.9715,1.8458,79.4295,6.5521,0.2728
070300,퀀텀레일,KOSDAQ,2026-10-06,582.0,3.2358,15.424,4.6189,2.3665,92.3789,6.5178,-0.6107
002710,TCC스틸,KOSPI,2026-10-06,14990.0,8.5986,6.4958,2.3468,1.0316,46.9352,6.297,0.2812
105740,디케이락,KOSDAQ,2026-10-06,11720.0,17.5979,10.8333,3.7667,1.7636,75.3339,6.1427,0.4705
109670,씨싸이트,KOSDAQ,2026-10-06,16170.0,4.2419,7.5019,3.7067,1.3878,74.1339,5.4057,2.6792
067630,HLB생명과학,KOSDAQ,2026-10-06,4470.0,5.0972,3.1271,0.9042,0.5874,18.0849,5.3235,0.6996
462520,조선내화,KOSPI,2026-10-06,13090.0,5.347,1.087,0.3141,0.2047,6.2811,5.3107,0.0093
065440,이루온,KOSDAQ,2026-10-06,1649.0,3.9937,6.5359,2.3243,1.2384,46.4864,5.2776,0.2361
047920,HLB제약,KOSDAQ,2026-10-06,13010.0,13.0978,9.2051,3.0379,1.7455,60.7583,5.2736,0.7029
065450,빅텍,KOSDAQ,2026-10-06,2985.0,2.9244,9.4373,3.2199,1.8407,64.397,5.1271,0.1138
003580,HLB글로벌,KOSPI,2026-10-06,2080.0,7.0191,4.5009,1.2941,0.9444,25.882,4.7659,0.23
042000,카페24,KOSDAQ,2026-10-06,22950.0,3.7619,2.7083,1.1652,0.5718,23.3031,4.7362,0.4516
432430,와이랩,KOSDAQ,2026-10-06,2055.0,2.773,0.6288,0.1988,0.1344,3.9767,4.6801,-0.0238
488280,에스투더블유,KOSDAQ,2026-10-06,17850.0,56.6912,17.6478,9.9912,3.8935,199.8234,4.5326,0.9276
452190,한빛레이저,KOSDAQ,2026-10-06,6400.0,11.2508,28.7388,17.975,6.606,359.5009,4.3504,0.6999
278650,HLB바이오스텝,KOSDAQ,2026-10-06,3735.0,3.3012,5.244,2.0571,1.2279,41.142,4.2707,0.5434
067920,이글루,KOSDAQ,2026-10-06,6580.0,14.8715,3.2006,1.4773,0.7537,29.5467,4.2463,0.2581
340450,지씨지놈,KOSDAQ,2026-10-06,10200.0,8.741,4.2781,2.1276,1.0252,42.5525,4.1729,0.8819
469750,아이비젼웍스,KOSDAQ,2026-10-06,6110.0,4.5,3.7113,1.0765,0.8946,21.5298,4.1485,0.2444
071090,하이스틸,KOSPI,2026-10-06,3510.0,5.0212,15.6441,8.8146,3.8337,176.2911,4.0806,0.1359
196300,HLB펩,KOSDAQ,2026-10-06,5010.0,2.7648,1.4433,0.5385,0.3574,10.7691,4.0388,0.1886
299170,더블유에스아이,KOSDAQ,2026-10-06,1515.0,4.1895,9.6972,6.3309,2.4024,126.6185,4.0365,0.2418
250930,예선테크,KOSDAQ,2026-10-06,687.0,2.3002,2.7063,1.1902,0.6706,23.8042,4.0354,-0.6238
950250,테라뷰,KOSDAQ,2026-10-06,4240.0,3.6979,9.4803,6.4373,2.4146,128.7452,3.9263,0.8929
478340,나라스페이스테크놀로지,KOSDAQ,2026-10-06,16670.0,5.1896,20.4229,14.291,5.2263,285.8198,3.9077,0.7257
039610,화성밸브,KOSDAQ,2026-10-06,6750.0,5.4729,6.4945,3.1558,1.7088,63.1154,3.8007,0.1947
004105,태양금속우,KOSPI,2026-10-06,4670.0,3.5092,3.3064,1.7043,0.8981,34.0861,3.6816,0.4992
009190,대양금속,KOSPI,2026-10-06,579.0,6.3783,5.4439,2.539,1.4813,50.7804,3.6751,-0.5597
158430,아톤,KOSDAQ,2026-10-06,6980.0,74.8603,16.971,12.2009,4.7214,244.0172,3.5944,0.558
046210,HLB파나진,KOSDAQ,2026-10-06,1393.0,7.054,3.3506,0.9716,0.9476,19.4312,3.536,0.2437
115500,케이씨에스,KOSDAQ,2026-10-06,12750.0,31.8767,7.8908,5.5438,2.257,110.8769,3.4961,0.5143
115450,HLB테라퓨틱스,KOSDAQ,2026-10-06,2890.0,4.2606,2.0001,0.6695,0.6119,13.3909,3.2684,0.3795
0017J0,세미티에스,KOSDAQ,2026-10-06,3300.0,7.3585,6.9125,2.2779,2.1407,45.5586,3.2291,0.2992
065150,대산F&B,KOSDAQ,2026-10-06,1264.0,6.7501,1.4504,0.4932,0.451,9.8641,3.2162,-0.092
192250,케이사인,KOSDAQ,2026-10-06,9570.0,19.9813,4.3236,2.2655,1.3464,45.3095,3.2113,0.3292
209640,와이제이링크,KOSDAQ,2026-10-06,4190.0,7.0558,6.7865,5.1322,2.1344,102.6435,3.1797,0.4349
005160,동국산업,KOSDAQ,2026-10-06,4145.0,10.1142,6.1555,5.9105,2.0328,118.2103,3.0281,0.6448
187420,HLB제넥스,KOSDAQ,2026-10-06,2125.0,5.3319,2.9654,1.193,0.9851,23.8599,3.0104,0.0988
072950,빛샘전자,KOSDAQ,2026-10-06,17330.0,22.8111,66.9237,56.7162,22.5592,1134.323,2.9666,1.1186
060480,국일신동,KOSDAQ,2026-10-06,1104.0,7.5751,3.7217,1.9101,1.2714,38.2012,2.9273,-0.266
274090,켄코아에어로스페이스,KOSDAQ,2026-10-06,13720.0,9.8944,10.6165,8.8143,3.6477,176.2865,2.9104,0.4769
078150,HB테크놀러지,KOSDAQ,2026-10-06,2420.0,2.4512,3.2896,1.9578,1.1303,39.1561,2.9104,0.3297
306040,에스제이그룹,KOSDAQ,2026-10-06,1812.0,11.3601,2.9638,0.9762,1.0277,19.5235,2.884,0.0112
394800,쓰리빌리언,KOSDAQ,2026-10-06,6340.0,2.8294,3.6035,2.9257,1.2518,58.5133,2.8786,0.3504
054920,한컴위드,KOSDAQ,2026-10-06,5630.0,49.8093,12.422,10.9138,4.3642,218.2764,2.8464,0.5404
000020,동화약품,KOSPI,2026-10-06,5450.0,20.6623,4.2512,1.2096,1.4971,24.1922,2.8397,0.0481
434480,모니터랩,KOSDAQ,2026-10-06,3220.0,18.4373,4.1076,3.5156,1.4623,70.3112,2.809,0.2958
053800,안랩,KOSDAQ,2026-10-06,89000.0,5.8645,1.7224,1.024,0.6164,20.4804,2.7941,0.5641
425040,티이엠씨,KOSDAQ,2026-10-06,15300.0,3.2825,6.1252,5.0311,2.3058,100.622,2.6565,0.8659
439960,코스모로보틱스,KOSDAQ,2026-10-06,7700.0,5.2637,23.506,7.5371,9.009,150.7421,2.6092,-0.3714
417200,LS머트리얼즈,KOSDAQ,2026-10-06,15780.0,3.2651,3.1713,2.079,1.2236,41.5806,2.5917,0.4957
011080,형지I&C,KOSDAQ,2026-10-06,423.0,9.8007,16.2672,9.1031,6.3131,182.0628,2.5767,-0.5268
225190,LK삼양,KOSDAQ,2026-10-06,5010.0,7.2694,12.8474,9.7812,4.9892,195.6238,2.575,-0.1141
382800,지앤비에스 에코,KOSDAQ,2026-10-06,6540.0,3.6033,6.1278,3.0737,2.3907,61.474,2.5632,0.3797
150900,파수AI,KOSDAQ,2026-10-06,4520.0,14.0075,3.2091,2.9283,1.2571,58.5658,2.5528,0.3101
247660,나노씨엠에스,KOSDAQ,2026-10-06,3825.0,12.952,3.0561,1.3413,1.2,26.8257,2.5468,-0.0267
263860,지니언스,KOSDAQ,2026-10-06,24650.0,22.881,6.0784,5.9214,2.4306,118.4289,2.5007,0.5503
217590,티엠씨,KOSPI,2026-10-06,19090.0,37.3023,13.4389,9.9958,5.3754,199.9156,2.5001,0.8957
101330,모베이스,KOSDAQ,2026-10-06,4080.0,2.4911,0.7696,0.3346,0.308,6.6916,2.4984,0.1895
115610,이미지스,KOSDAQ,2026-10-06,1930.0,11.8437,2.6067,0.9388,1.0504,18.7751,2.4816,0.2055
085670,뉴프렉스,KOSDAQ,2026-10-06,3765.0,2.5833,2.4804,1.3279,1.0014,26.5572,2.477,0.2806
469480,IBKS제24호스팩,KOSDAQ,2026-10-06,3640.0,7.2318,10.0894,4.0819,4.0819,57.1468,2.4717,
024850,HLB이노베이션,KOSDAQ,2026-10-06,17530.0,3.3943,2.2549,1.1734,0.935,23.4685,2.4116,0.1039
452280,한선엔지니어링,KOSDAQ,2026-10-06,15020.0,5.9911,7.1279,6.4376,2.9598,128.7524,2.4082,0.5501
253590,네오셈,KOSDAQ,2026-10-06,16230.0,3.7987,3.1381,2.0449,1.3235,40.8975,2.371,0.4569
058450,한주에이알티,KOSDAQ,2026-10-06,573.0,4.2989,4.4585,2.3982,1.9239,47.9648,2.3174,-0.6327
028300,HLB,KOSDAQ,2026-10-06,47400.0,4.1347,2.449,0.9698,1.0636,19.3965,2.3027,0.4451
170790,파이오링크,KOSDAQ,2026-10-06,8820.0,2.4584,0.6148,0.3611,0.2765,7.2218,2.2236,0.0576
480370,씨케이솔루션,KOSPI,2026-10-06,2230.0,6.1098,2.276,2.3551,1.0326,47.1013,2.2041,0.5704
042510,라온시큐어,KOSDAQ,2026-10-06,14870.0,50.1727,13.3636,15.193,6.1586,303.8608,2.1699,0.7453
200350,아티스트스튜디오,KOSDAQ,2026-10-06,4290.0,6.2677,1.9217,2.1208,0.9099,42.4151,2.1119,0.7838
396300,HT로보틱스,KOSDAQ,2026-10-06,6070.0,4.409,21.4506,13.4435,10.1784,268.8706,2.1075,0.0743
357580,아모센스,KOSDAQ,2026-10-06,8260.0,2.7347,3.1906,3.5104,1.5353,70.208,2.0782,0.7574
100590,머큐리,KOSDAQ,2026-10-06,6280.0,20.8383,9.7819,12.2258,4.7257,244.5167,2.0699,0.8718
456010,아이씨티케이,KOSDAQ,2026-10-06,28500.0,12.1735,7.9627,8.1701,3.889,163.4029,2.0475,0.9454
417500,제이아이테크,KOSDAQ,2026-10-06,4665.0,2.9151,1.5719,1.0265,0.7832,20.5291,2.0069,0.3483
067170,오텍,KOSDAQ,2026-10-06,2865.0,2.4817,3.9669,1.5763,1.9782,31.525,2.0053,0.0791
261780,아리바이오랩,KOSDAQ,2026-10-06,3740.0,3.1461,4.4232,4.4489,2.2546,88.9774,1.9619,0.4412
115440,우리넷,KOSDAQ,2026-10-06,12230.0,9.8387,18.0173,25.9652,9.264,519.3037,1.9449,0.7699
033170,시그네틱스,KOSDAQ,2026-10-06,3360.0,2.938,3.1281,2.6622,1.61,53.2441,1.9429,0.8908
043260,성호전자,KOSDAQ,2026-10-06,32350.0,4.8643,7.0642,6.5464,3.6691,130.927,1.9253,1.0737
109820,진매트릭스,KOSDAQ,2026-10-06,1624.0,5.9655,1.2937,0.501,0.6741,10.0202,1.9191,-0.0128
081180,쎄크,KOSDAQ,2026-10-06,7100.0,2.7436,1.7647,1.5189,0.9297,30.3784,1.8983,0.4854
036540,SFA반도체,KOSDAQ,2026-10-06,11730.0,5.7819,4.8807,5.0145,2.5944,100.2896,1.8812,1.0872
232140,와이씨,KOSDAQ,2026-10-06,18130.0,4.0305,4.0043,3.3619,2.137,67.2376,1.8738,0.543
007810,코리아써키트,KOSPI,2026-10-06,88700.0,2.573,3.2911,2.4228,1.7652,48.4569,1.8644,0.7257
411080,샌즈랩,KOSDAQ,2026-10-06,8970.0,38.0281,9.5733,14.0988,5.2195,281.9764,1.8341,1.1851
354320,알멕,KOSDAQ,2026-10-06,50600.0,8.5693,3.141,3.121,1.7191,62.4204,1.8271,0.881
012860,모베이스전자,KOSDAQ,2026-10-06,2595.0,3.0435,1.1172,0.6335,0.6117,12.6698,1.8265,0.2446
354200,엔젠바이오,KOSDAQ,2026-10-06,710.0,4.3679,5.9228,5.0296,3.3847,100.5924,1.7499,-0.5623
258790,소프트캠프,KOSDAQ,2026-10-06,7580.0,3.0015,1.2856,1.028,0.7548,20.5595,1.7033,0.4063
098460,고영,KOSDAQ,2026-10-06,36450.0,3.0603,2.9027,1.9679,1.7081,39.3587,1.6994,0.323
046970,우리로,KOSDAQ,2026-10-06,8660.0,15.8851,10.996,15.5426,6.532,310.8513,1.6834,0.8347
050890,쏠리드,KOSDAQ,2026-10-06,10580.0,2.6736,2.8584,2.6673,1.7008,53.347,1.6807,0.2656
289010,아이스크림에듀,KOSDAQ,2026-10-06,789.0,3.1622,1.9851,2.0592,1.2078,41.1847,1.6436,-0.1755
053260,금강철강,KOSDAQ,2026-10-06,7150.0,4.463,15.18,20.4115,9.2763,408.23,1.6364,0.1189
056360,코위버,KOSDAQ,2026-10-06,6930.0,3.4341,1.9081,2.132,1.1682,42.6407,1.6334,0.3482
327260,RF머트리얼즈,KOSDAQ,2026-10-06,57800.0,5.4207,6.1443,6.3872,3.7782,127.743,1.6262,0.7101
184230,SGA솔루션즈,KOSDAQ,2026-10-06,2370.0,4.4819,1.1202,1.5363,0.6901,30.727,1.6233,0.3022
042370,비츠로테크,KOSDAQ,2026-10-06,11790.0,5.7672,3.5822,5.6548,2.2317,113.0958,1.6051,0.4981
224060,더코디,KOSDAQ,2026-10-06,4000.0,4.5332,8.4675,14.4277,5.2839,288.5546,1.6025,0.0929
330860,네패스아크,KOSDAQ,2026-10-06,33950.0,3.5914,2.8708,1.8028,1.7994,36.0555,1.5954,0.4355
393210,토마토시스템,KOSDAQ,2026-10-06,3540.0,3.0284,7.8219,14.4078,4.9779,288.1551,1.5713,0.5358
355150,코스텍시스,KOSDAQ,2026-10-06,24800.0,2.6448,2.0935,1.534,1.3512,30.6798,1.5494,0.3801
093370,후성,KOSPI,2026-10-06,16290.0,3.8213,5.5623,4.2374,3.6163,84.7489,1.5381,0.3298
0007J0,인벤테라,KOSDAQ,2026-10-06,10130.0,3.3808,3.2487,5.8485,2.1461,116.9708,1.5138,0.2839
138080,오이솔루션,KOSDAQ,2026-10-06,32950.0,4.818,4.3257,3.9464,2.8861,78.9275,1.4988,0.6152
493280,아이엠바이오로직스,KOSDAQ,2026-10-06,18970.0,2.6722,1.1356,1.2277,0.7633,24.5549,1.4877,0.3247
403870,HPSP,KOSDAQ GLOBAL,2026-10-06,68800.0,2.9973,4.6314,2.9308,3.1465,58.6157,1.4719,0.3705
033160,엠케이전자,KOSDAQ,2026-10-06,19500.0,6.011,5.8522,3.8406,3.9774,76.8122,1.4714,0.4531
053300,한국정보인증,KOSDAQ,2026-10-06,5630.0,3.2486,0.9198,1.4569,0.6347,29.1389,1.4492,0.1351
347700,스피어,KOSDAQ,2026-10-06,26800.0,6.6292,3.1351,2.5902,2.1915,51.8041,1.4306,0.4424
037030,파워넷,KOSDAQ,2026-10-06,4120.0,2.7715,2.0132,1.6085,1.418,32.1699,1.4197,0.3486
080220,제주반도체,KOSDAQ,2026-10-06,93600.0,5.8014,6.9878,3.9321,4.9778,78.6425,1.4038,0.3605
085910,네오티스,KOSDAQ,2026-10-06,20000.0,4.2308,2.0765,1.6919,1.4805,33.8376,1.4025,0.3514
412350,레이저쎌,KOSDAQ,2026-10-06,6820.0,4.3852,4.7616,2.7987,3.4205,55.9734,1.3921,0.2868
457370,한켐,KOSDAQ,2026-10-06,11270.0,8.0863,24.2078,28.0789,17.5363,561.5784,1.3804,0.5007
203650,드림시큐리티,KOSDAQ,2026-10-06,3095.0,17.1278,5.5533,9.6051,4.056,192.1027,1.3691,0.5695
065770,CS,KOSDAQ,2026-10-06,944.0,20.2755,4.9254,2.289,3.8014,45.7797,1.2957,-0.21
027040,서울전자통신,KOSDAQ,2026-10-06,2030.0,7.234,2.3928,3.5606,1.8684,71.2121,1.2807,0.0879
091580,상신이디피,KOSDAQ,2026-10-06,24850.0,4.5918,2.3003,2.2011,1.8113,44.0218,1.27,0.2122
356680,엑스게이트,KOSDAQ,2026-10-06,20500.0,24.536,11.152,20.251,8.791,405.0201,1.2686,0.9052
052710,아모텍,KOSDAQ,2026-10-06,22700.0,4.6714,4.5397,6.4316,3.5799,128.632,1.2681,1.1764
356890,싸이버원,KOSDAQ,2026-10-06,2810.0,3.5248,0.8841,1.3553,0.7123,27.1058,1.2412,0.2009
365590,하이딥,KOSDAQ,2026-10-06,1534.0,6.5542,1.4462,1.7826,1.1701,35.6522,1.2359,-0.1699
023790,동일스틸럭스,KOSDAQ,2026-10-06,1614.0,8.1769,13.0264,10.2135,10.6018,204.2697,1.2287,0.1123
430690,한싹,KOSDAQ,2026-10-06,3360.0,11.044,2.9416,4.389,2.4669,87.7796,1.1925,0.3856
001820,삼화콘덴서,KOSPI,2026-10-06,158800.0,7.0837,9.7321,10.4229,8.1682,208.4573,1.1915,0.5124
418620,E8,KOSDAQ,2026-10-06,450.0,6.2073,4.47,6.4679,3.807,129.3572,1.1741,0.0227
125490,한라캐스트,KOSDAQ,2026-10-06,13740.0,6.4019,5.464,5.7634,4.6836,115.2679,1.1666,0.3699
036930,주성엔지니어링,KOSDAQ GLOBAL,2026-10-06,278500.0,6.8638,3.7026,3.2253,3.2095,64.5055,1.1536,0.6577
067310,하나마이크론,KOSDAQ,2026-10-06,52800.0,3.3641,3.052,3.0102,2.6722,60.2038,1.1421,0.5216
160190,하이젠알앤엠,KOSDAQ,2026-10-06,34150.0,3.0302,0.9267,1.4658,0.815,29.3168,1.1371,1.0364
321370,센서뷰,KOSDAQ,2026-10-06,2055.0,16.2808,7.7773,13.7601,6.9456,275.2025,1.1197,0.9242
089970,브이엠,KOSDAQ,2026-10-06,70400.0,2.7819,2.7706,2.5882,2.5186,51.7638,1.1,0.3565
142210,유니트론텍,KOSDAQ,2026-10-06,6990.0,2.7774,1.3421,0.7725,1.2425,15.4506,1.0801,0.1908
012210,삼미금속,KOSDAQ,2026-10-06,12330.0,8.3736,9.7805,24.8965,9.1103,497.9299,1.0736,0.4784
417840,저스템,KOSDAQ,2026-10-06,19470.0,4.3397,4.6252,4.5729,4.4322,91.4572,1.0435,0.3006
069920,엑시온그룹,KOSDAQ,2026-10-06,1400.0,6.8256,3.0883,1.4482,2.9657,28.964,1.0414,0.1915
056080,유진로봇,KOSDAQ,2026-10-06,12890.0,1.3549,0.9483,1.063,0.9463,21.2609,1.0022,0.1676
486510,글로벌테크놀로지,KOSDAQ,2026-10-06,14700.0,24.6243,104.5085,104.5085,104.5085,522.5424,1.0,
0035S0,빅웨이브로보틱스,KOSDAQ,2026-10-06,31000.0,25.2202,90.8737,90.8737,90.8737,454.3685,1.0,
468670,브릴스,KOSDAQ,2026-10-06,30400.0,16.9687,95.4318,95.4318,95.4318,286.2953,1.0,
266690,덕산넵코어스,KOSDAQ,2026-10-06,16080.0,12.0899,93.0453,93.0453,93.0453,372.1811,1.0,
005030,부산주공,KOSPI,2026-10-06,28.0,17.8311,22.7563,22.7563,22.7563,113.7816,1.0,
005110,한창,KOSPI,2026-10-06,77.0,37.7091,42.5701,42.5701,42.5701,85.1402,1.0,
005690,파미셀,KOSPI,2026-10-06,13180.0,4.4825,1.7892,2.6624,1.8292,53.2486,0.9781,0.2697
020120,키다리스튜디오,KOSPI,2026-10-06,7140.0,2.9602,1.4467,1.5502,1.48,31.0047,0.9775,0.1553
443670,에스피소프트,KOSDAQ,2026-10-06,5500.0,26.0536,6.1975,11.2806,6.3464,225.6118,0.9765,0.335
196490,디에이테크놀로지,KOSDAQ,2026-10-06,96.0,14.8795,15.0863,17.181,17.181,120.2669,0.8781,
002785,진흥기업우B,KOSPI,2026-10-06,6660.0,5.5926,3.6684,2.6711,4.2554,53.4221,0.8621,-0.4805
041190,우리기술투자,KOSDAQ,2026-10-06,6270.0,3.0891,3.6284,4.7731,4.4341,95.4613,0.8183,0.0981
002787,진흥기업2우B,KOSPI,2026-10-06,9000.0,10.363,5.6384,7.4284,6.9401,148.5685,0.8124,-0.6751
0011A0,액스비스,KOSDAQ,2026-10-06,12070.0,6.0931,4.1397,14.8928,5.3242,297.8551,0.7775,0.5202
027360,아주IB투자,KOSDAQ,2026-10-06,4035.0,4.7698,1.9018,3.0954,2.5067,61.9072,0.7587,0.3339
012340,뉴인텍,KOSDAQ,2026-10-06,393.0,3.4441,1.6511,1.8427,2.181,36.8544,0.7571,-0.2842
010170,대한광통신,KOSDAQ,2026-10-06,18530.0,8.2337,5.8827,9.7111,7.7838,194.2219,0.7558,0.442
232830,아이티센피엔에스,KOSDAQ,2026-10-06,3300.0,3.4089,1.6566,6.8518,2.4174,137.0365,0.6853,0.7886
069540,빛과전자,KOSDAQ,2026-10-06,5010.0,28.0706,9.0509,20.6549,14.2453,413.0981,0.6354,0.8835
003350,한국화장품제조,KOSPI,2026-10-06,15040.0,4.0093,3.9313,7.9487,6.2476,158.9742,0.6292,0.1787
015260,에이엔피,KOSPI,2026-10-06,164.0,5.6917,2.6494,2.8638,4.2758,57.2758,0.6196,-0.4122
003010,혜인,KOSPI,2026-10-06,8860.0,6.5376,3.747,4.4193,6.4151,88.3859,0.5841,-0.0931
126730,코칩,KOSDAQ,2026-10-06,25450.0,6.0,4.3855,8.04,7.5326,160.7993,0.5822,0.288
140430,카티스,KOSDAQ,2026-10-06,2660.0,6.17,1.7998,8.0929,3.148,161.8581,0.5717,0.5349
062970,한국첨단소재,KOSDAQ,2026-10-06,3175.0,12.3407,5.2525,19.7893,9.5764,395.7864,0.5485,0.7162
387690,레메디,KOSDAQ,2026-10-06,19550.0,34.4197,17.6985,28.8994,35.6781,577.987,0.4961,0.2786
332570,PS일렉트로닉스,KOSDAQ,2026-10-06,9270.0,2.9433,3.6558,5.4344,8.1938,108.6875,0.4462,0.2612
475460,미트박스,KOSDAQ,2026-10-06,2975.0,2.5934,0.7866,2.6267,1.7788,52.5336,0.4422,0.1235
004770,써니전자,KOSPI,2026-10-06,1797.0,2.6575,2.0065,6.6345,4.5521,132.6909,0.4408,-0.1381
0015N0,아로마티카,KOSDAQ,2026-10-06,10070.0,3.0413,2.3694,8.8311,5.9548,176.6212,0.3979,0.0736
059120,아진엑스텍,KOSDAQ,2026-10-06,8070.0,2.9501,2.4151,3.365,6.5485,67.2996,0.3688,0.1679
226340,본느,KOSDAQ,2026-10-06,6420.0,7.2183,6.0589,8.6492,17.259,172.9846,0.3511,0.1263
024840,KBI메탈,KOSDAQ,2026-10-06,6350.0,2.9253,3.5625,5.9537,10.1663,119.0738,0.3504,0.2475
014950,삼익제약,KOSDAQ,2026-10-06,8400.0,2.8712,8.2822,49.0945,25.7888,981.8902,0.3212,0.4815
0161M0,네오사피엔스,KOSDAQ,2026-10-06,13870.0,14.6415,23.1319,74.424,74.424,669.8159,0.3108,
017900,광전자,KOSPI,2026-10-06,10330.0,4.0549,2.4169,14.4381,8.3721,288.7625,0.2887,0.5015
0010S0,와이즈플래닛컴퍼니,KOSDAQ,2026-10-06,16630.0,3.5513,15.9158,57.1439,57.1439,400.0074,0.2785,
006660,삼성공조,KOSPI,2026-10-06,13480.0,3.0524,3.1877,3.7945,12.7726,75.8897,0.2496,0.1104
024060,흥구석유,KOSDAQ,2026-10-06,12200.0,3.8787,6.4796,26.7732,26.6009,535.4636,0.2436,0.1488
417030,니어스랩,KOSDAQ,2026-10-06,26950.0,5.7005,3.5023,7.5432,15.7555,150.8648,0.2223,-0.0055
001210,금호전기,KOSPI,2026-10-06,9060.0,6.0924,11.0018,23.6806,53.5177,473.6116,0.2056,-0.296
386380,스카이랩스,KOSDAQ,2026-10-06,17000.0,7.4981,11.2983,60.7321,60.7321,1214.6418,0.186,
413630,씨피시스템,KOSDAQ,2026-10-06,4405.0,9.5868,3.0244,9.1984,16.3024,183.9686,0.1855,0.0944
005360,모나미,KOSPI,2026-10-06,1050.0,4.4315,2.2937,1.3437,13.3969,26.8743,0.1712,-0.2123
0155E0,해치텍,KOSDAQ,2026-10-06,11920.0,2.5583,4.0549,22.0446,40.7184,440.891,0.0996,-0.034
365660,레몬헬스케어,KOSDAQ,2026-10-06,3840.0,5.3431,2.7064,7.2734,29.0951,145.4676,0.093,-0.1467
465770,STX그린로지스,KOSPI,2026-10-06,2110.0,3.6029,2.3206,21.084,29.6234,421.6791,0.0783,-0.4624
0209J0,KB제34호스팩,KOSDAQ,2026-10-06,1905.0,2.3409,5.045,216.2022,216.2022,1729.6174,0.0233,
0200G0,한국제17호스팩,KOSDAQ,2026-10-06,1913.0,3.507,4.1399,332.9315,332.9315,2663.4522,0.0124,
