month,전략,기준선,선별종목수
2021-10,-0.014,-0.0047,66
2021-11,-0.0548,-0.0469,39
2021-12,0.0352,0.0425,30
2022-01,-0.0379,-0.0443,30
2022-02,-0.0015,0.0212,27
2022-03,0.0429,0.0364,47
2022-04,-0.0086,0.0012,61
2022-05,-0.0097,-0.009,89
2022-06,-0.1155,-0.1138,104
2022-07,0.0026,0.0289,20
2022-08,0.0196,0.0183,19
2022-09,-0.1349,-0.0982,21
2022-10,0.0254,0.0214,5
2022-11,0.0326,0.0402,11
2022-12,-0.0294,-0.039,22
2023-01,0.0371,0.0364,31
2023-02,0.0103,0.0128,41
2023-03,-0.0059,-0.0068,70
2023-04,0.0255,0.006,75
2023-05,0.0307,0.0243,79
2023-06,0.0015,0.0088,67
2023-07,-0.0494,-0.0223,112
2023-08,-0.0089,0.0091,52
2023-09,-0.0062,-0.0209,62
2023-10,-0.0567,-0.036,49
2023-11,0.0373,0.0395,24
2023-12,0.0039,0.0182,34
2024-01,0.0139,-0.0056,42
2024-02,0.0221,0.026,56
2024-03,-0.0039,0.0061,81
2024-04,-0.0196,-0.014,68
2024-05,0.0259,0.0087,60
2024-06,0.0011,-0.0022,46
2024-07,-0.024,-0.0137,41
2024-08,-0.0378,-0.0296,28
2024-09,-0.0181,-0.0036,21
2024-10,-0.0283,-0.0025,15
2024-11,-0.0193,-0.0175,26
2024-12,-0.0168,-0.0047,16
2025-01,0.0197,0.0281,20
2025-02,0.0154,0.0248,22
2025-03,-0.0255,-0.0117,37
2025-04,0.035,0.0343,54
2025-05,0.0121,0.0216,94
2025-06,0.0335,0.0254,104
2025-07,0.0199,0.0198,161
2025-08,-0.0036,-0.0052,128
2025-09,0.0262,0.0208,87
2025-10,0.0054,0.0038,125
2025-11,0.0042,-0.0026,93
2025-12,0.0161,0.0078,64
2026-01,0.0329,0.0243,48
2026-02,0.0162,0.0204,43
2026-03,-0.0514,-0.0402,57
2026-04,0.0432,0.0404,34
2026-05,-0.1101,-0.0853,25
2026-06,-0.0763,-0.0715,17
2026-07,-0.0027,-0.0202,10
2026-08,0.0397,0.0451,14
2026-09,0.0044,0.0035,18
