,전략(선별),기준선(전종목)
거래수,3042.0,131941.0
목표도달률,0.6410256410256411,0.6451823163383633
평균수익률,-0.0035211741817618926,-0.000934494543498243
중앙수익률,0.04774262129102386,0.04773442732752836
수익거래비율,0.6561472715318869,0.6762264951758741
미도달시_평균수익률,-0.0991892580046636,-0.09398564961106085
평균보유일,11.110453648915188,10.950197436733085
월평균수익률,-0.004648675141622664,-0.0007653377202233778
누적수익률,-0.27784109856874617,-0.07785017084354706
최대낙폭,-0.2986856445813273,-0.17020621842624062
기간,2021-10 ~ 2026-09 (60개월),2021-10 ~ 2026-09 (60개월)
후보있던달,60,
