종목코드,종목명,시장,적중률,최소상승폭,중앙상승폭,횡보폭,기간등락률,일평균거래대금,직전월종가,이번달시가,매도목표가,이번달고가,목표도달
005950,이수화학,KOSPI,1.0,0.0599,0.3391,0.2426,0.4227,14181851580.4437,11140.0,11220.0,11790.0,11990.0,True
002460,HS화성,KOSPI,1.0,0.0654,0.2246,0.2381,-0.0407,221330299.8551,11080.0,11080.0,11640.0,11080.0,False
002420,우양피앤엘,KOSPI,1.0,0.0577,0.2225,0.1953,0.186,273180309.4476,6120.0,6070.0,6380.0,6300.0,False
140860,파크시스템스,KOSDAQ GLOBAL,1.0,0.1103,0.2067,0.163,0.1217,11658241913.9731,276500.0,272000.0,286000.0,310000.0,True
028050,삼성E&A,KOSPI,1.0,0.0997,0.1901,0.2123,0.2842,133702054477.0972,47900.0,48100.0,50600.0,48850.0,False
000400,롯데손해보험,KOSPI,1.0,0.1106,0.186,0.1587,0.0123,1712735180.5684,2060.0,2025.0,2130.0,2285.0,True
014915,성문전자우,KOSPI,1.0,0.1082,0.1846,0.1267,0.1318,112312536.5695,4810.0,4910.0,5160.0,5180.0,True
180640,한진칼,KOSPI,1.0,0.0711,0.1839,0.208,0.1598,16635182762.5986,132100.0,133500.0,140200.0,135000.0,False
045100,한양이엔지,KOSDAQ,1.0,0.1104,0.1667,0.0782,0.0368,4499519486.6348,32400.0,32900.0,34550.0,35650.0,True
049070,인탑스,KOSDAQ,1.0,0.1039,0.1641,0.0837,0.0916,2404155788.412,18000.0,18000.0,18900.0,19420.0,True
339950,아이비김영,KOSDAQ,1.0,0.0826,0.164,0.176,0.0387,328492929.5265,2415.0,2370.0,2490.0,2520.0,True
052300,오션인더블유,KOSDAQ,1.0,0.0546,0.1603,0.1575,0.0802,326491629.4455,1602.0,1581.0,1661.0,1699.0,True
082210,옵트론텍,KOSDAQ,1.0,0.0694,0.1503,0.2433,-0.0999,336223989.5965,1747.0,1820.0,1911.0,1979.0,True
192440,슈피겐코리아,KOSDAQ,1.0,0.0506,0.1309,0.2019,0.2745,354119741.5572,29950.0,29800.0,31300.0,29800.0,False
021240,코웨이,KOSPI,1.0,0.0922,0.1305,0.1545,0.3691,23168639369.4192,99400.0,99600.0,104600.0,103000.0,False
205500,넥써쓰,KOSDAQ,1.0,0.079,0.1278,0.2388,0.0338,736127773.0491,1741.0,1760.0,1848.0,1850.0,True
031510,오스템,KOSDAQ,1.0,0.0689,0.1196,0.1109,0.1024,117279683.1169,1152.0,1138.0,1195.0,1167.0,False
004590,한국가구,KOSDAQ,1.0,0.0608,0.1193,0.2406,0.0654,666151863.132,5210.0,5220.0,5490.0,5270.0,False
005680,삼영전자,KOSPI,1.0,0.0698,0.1178,0.2457,-0.2029,1266654616.8143,12450.0,12550.0,13180.0,12740.0,False
003460,유화증권,KOSPI,1.0,0.0693,0.0938,0.193,-0.1091,322033750.5991,2980.0,2985.0,3135.0,3120.0,False
002960,한국쉘석유,KOSPI,1.0,0.0591,0.0851,0.0996,0.1019,1421662891.1857,519000.0,524000.0,551000.0,527000.0,False
267850,아시아나IDT,KOSPI,1.0,0.0523,0.0827,0.189,-0.1087,222994324.5777,9180.0,9180.0,9640.0,9360.0,False
